name,value
Colin Quinn,145
Patrice O'Neal,137
Rich Vos,124
Ron Bennington,107
Denny Falcone,93
Dr. Steve,82
Erock,73
Bill Burr,68
Norm Macdonald,67
Doug Stanhope,66
Pete Davidson,65
Panera Bread Employee,65
Bob Kelly,62
Times Square Black Hooker,59
Big Jay Oakerson,58
Bobo,58
Louis C.K.,58
Fez,57
Dan Soder,56
Dave Atell,55
Bald Opie,54
Sue Lightning,53
Jim Jefferies,49
Sam Roberts,41
Bonnie McFarlane,39
Lady Di,36
Steve C.,34
(28) Scorch,28]
(t-29) Intern David[+27]
(t-29) Otto & George[+27]
(31) Jimmy Norton[+24] = Uncle Paul[+54], Chip Chipperson(not cartoon)[+52], Caribbean Jim[+15], Steve from Yellowstone[+14], Ted Sheckler[+12], Jim's Childhood Molester[+10], Regular Joe[+10], Kirk Sinnamon[+7], Edgar Mellencamp[+6], Cregg Schinker[+3], Valley Jim[+2]
(32) Hulk Hogan's Dick[+23]
(33) Scott Shannon[+22]
(34) Danny Ross[+20], Danny Ross' Stalker[+8]
(35) Lady Di's Son[+19]
(36) Artie Lange[+17]
(37) Gilbert Gottfried[+16]
(t-38) Jesse Ventura[+15]
(t-38) Tree Fort Richard[+15]
(t-38) Take the Hit Guy[+15]
(t-41) Bam Margera[+14]
(t-41) Art Danielle Juarez[+14]
(t-43) Maria Menounous' Ass[+13]
(t-43) Terry Clifford[+13]
(45) Travis[+12]
(t-46) Flutesy[+11]
(t-46) Melissa Stetten[+11]
(48) Ester Ku[+10]
(t-49) Joe List[+9]
(t-49) Jenny Hutt[+9]
(t-49) Luis Gomez[+9]
(t-49) Anthony's Attorney[+9]
(t-53) East Side Dave[+8]
(t-53) Dave Smith[+8]
(t-53) Greg Giraldo[+8]
(t-53) Joe Rogan[+8]
(t-53) /u/i_hate_knickers[+8]
------------------------------------------------
Noted submissions:
[+7] Sleeves fa la la la, Lynsi Margera
[+6] Alcoon Slambag, Dick Cream Guy, Homeless Andrew
[+5] Mike Francessa, Nick DiPaolo, Tammy Pescatelli
[+4] Bill Nye, Ian Halperin, Jim Chandler, Mike Bocchetti, Stinky
[+3] fake Roland, ICE CUUUU, Porn Whore jerked off Bobo, Stern fan fired Ben
[+2] Jack Kevorkian, Management, Rajesh Sandhyana
[+1] Howard Stern, Kumiyya impulse control
[+0] Barack Obama, Vondecarlo Brown, Marion, Tim Treadwell, Blind Stevie, Fucktwat the Clown, Ken Steel, Shawn F, Scissor Fuckers,Spuds Buckley
[-1] Black Earl, Ben Sparks, Brother Weeze, Bubba the Love Sponge, Chris Stanley, Jennifer Cumia, Lil' Carby, Pol Pot
[-2] Big A, Vos-Plugging People, Joey Buttlicker, Mark Gormley, Pepe Sinclair, Sydney and Jackie, Toothpick Guy
[-3] Doug Benson, Francine, Gail Bennington, Jimmy Jackson, Ron Sage
[-4] Vic Henley
------------------------------------------------
Worst of the Sub
(36) Jay Mohr[-5]
(t-35) Mars & the phones[-6]
(t-35) Periscope Inventors[-6]
(t-33) Dani Golightly[-7]
(t-33) Jim Florentine[-7]
(t-33) Nia Burr[-7]
(t-30) Andy Kindler[-8]
(t-30) Weirdfellas[-8]
(t-28) Bob Levy[-9]
(t-28) Eric Stangel[-9]
(t-28) Troy Quan[-9]
(t-25) /u/libsarementallyill[-11]
(t-25) 2U[-11]
(t-25) Roland[-11]
(t-22) Benjamin72[-12]
(t-22) Kurt Metzeger[-12]
(20) Todd Pettengill[-13]
(19) Twatto[-14]
(18) Gavin McInnes[-16]
(t-17) Joe Devito[-17]
(t-17) /u/i_hate_knickers asking to clarify[-17]
(t-15) Mark Normand[-18]
(t-15) Brandon Steiner[-18]
(13) Keith the Cop[-19]
(t-12) Chris Distefano[-20]
(t-12) Jim Breuer[-20]
(10) No Filter Paul[-22]
(9) Fred from Brooklyn[-24]
(8) Amy Schumer[-25]
(7) Tom Papa[-30]
(6) Joe Derosa[-31]
(5) Anthony[-49]
(4) Justin Stangel[-51]
(3) Brother Joe[-62]
(2) Opie[-72] , Opie's Tits[+21], SNOWAAAY!![-40], Harry Hater[-22],
(1) Sherrod Small[-85]
